{
  "model_type": "lgbm",
  "calibration_method": "sigmoid",
  "cal_seasons": [
    2024
  ],
  "val_seasons": [
    2023
  ],
  "raw_log_loss_cal": 0.47162468138980146,
  "raw_brier_cal": 0.15818356320376467,
  "cal_log_loss": 0.4713544705613781,
  "cal_brier": 0.1581179909063695,
  "reliability": {
    "bins": 10,
    "mean_predicted": [
      0.03874591690604761,
      0.14713092403493397,
      0.25271877603523935,
      0.3503731622525021,
      0.45612452533851344,
      0.5479646157860946,
      0.6451411739396841,
      0.7524554671451594,
      0.8513106843466014,
      0.9608305057200507
    ],
    "fraction_positive": [
      0.03807015443553215,
      0.14444368740205765,
      0.2497541789577188,
      0.3621037557768665,
      0.4791279902402801,
      0.5394998733398473,
      0.6375192148516022,
      0.7382164559040894,
      0.848970108013062,
      0.9629925149131806
    ],
    "max_calibration_error": 0.023003464901766635,
    "mean_calibration_error": 0.007588995290911183
  },
  "n_cal": 186141
}